"filename", "language", "HTML", "XML", "SQL", "JavaScript", "SCSS", "CSS", "Java", "Markdown", "comment", "blank", "total"
"d:\BCA Project\TutorPod\README.md", "Markdown", 0, 0, 0, 0, 0, 0, 0, 1, 0, 1, 2
"d:\BCA Project\TutorPod\WebContent\Admin\add-admin-bank-acc.jsp", "HTML", 156, 0, 0, 0, 0, 0, 0, 0, 0, 4, 160
"d:\BCA Project\TutorPod\WebContent\Admin\add-admin.jsp", "HTML", 109, 0, 0, 0, 0, 0, 0, 0, 0, 3, 112
"d:\BCA Project\TutorPod\WebContent\Admin\add-course.jsp", "HTML", 142, 0, 0, 0, 0, 0, 0, 0, 0, 2, 144
"d:\BCA Project\TutorPod\WebContent\Admin\add-subject.jsp", "HTML", 186, 0, 0, 0, 0, 0, 0, 0, 0, 5, 191
"d:\BCA Project\TutorPod\WebContent\Admin\edit-admin-bank-acc.jsp", "HTML", 106, 0, 0, 0, 0, 0, 0, 0, 0, 2, 108
"d:\BCA Project\TutorPod\WebContent\Admin\edit-admin.jsp", "HTML", 69, 0, 0, 0, 0, 0, 0, 0, 0, 1, 70
"d:\BCA Project\TutorPod\WebContent\Admin\edit-course.jsp", "HTML", 73, 0, 0, 0, 0, 0, 0, 0, 0, 1, 74
"d:\BCA Project\TutorPod\WebContent\Admin\edit-subject.jsp", "HTML", 131, 0, 0, 0, 0, 0, 0, 0, 0, 3, 134
"d:\BCA Project\TutorPod\WebContent\Admin\footer.jsp", "HTML", 4, 0, 0, 0, 0, 0, 0, 0, 0, 2, 6
"d:\BCA Project\TutorPod\WebContent\Admin\header.jsp", "HTML", 30, 0, 0, 0, 0, 0, 0, 0, 0, 2, 32
"d:\BCA Project\TutorPod\WebContent\Admin\index.html", "HTML", 277, 0, 0, 0, 0, 0, 0, 0, 0, 6, 283
"d:\BCA Project\TutorPod\WebContent\Admin\index.jsp", "HTML", 6, 0, 0, 0, 0, 0, 0, 0, 0, 2, 8
"d:\BCA Project\TutorPod\WebContent\Admin\login.jsp", "HTML", 53, 0, 0, 0, 0, 0, 0, 0, 0, 3, 56
"d:\BCA Project\TutorPod\WebContent\Admin\see-admin-bank-acc.jsp", "HTML", 119, 0, 0, 0, 0, 0, 0, 0, 0, 4, 123
"d:\BCA Project\TutorPod\WebContent\Admin\see-admin-banks.html", "HTML", 138, 0, 0, 0, 0, 0, 0, 0, 0, 5, 143
"d:\BCA Project\TutorPod\WebContent\Admin\see-admins.jsp", "HTML", 69, 0, 0, 0, 0, 0, 0, 0, 0, 3, 72
"d:\BCA Project\TutorPod\WebContent\Admin\see-courses.jsp", "HTML", 174, 0, 0, 0, 0, 0, 0, 0, 0, 6, 180
"d:\BCA Project\TutorPod\WebContent\Admin\see-subjects.jsp", "HTML", 84, 0, 0, 0, 0, 0, 0, 0, 0, 3, 87
"d:\BCA Project\TutorPod\WebContent\Admin\sidebar.jsp", "HTML", 112, 0, 0, 0, 0, 0, 0, 0, 0, 0, 112
"d:\BCA Project\TutorPod\WebContent\Admin\tutor-applications.jsp", "HTML", 157, 0, 0, 0, 0, 0, 0, 0, 0, 3, 160
"d:\BCA Project\TutorPod\WebContent\Admin\withdraw-request.jsp", "HTML", 152, 0, 0, 0, 0, 0, 0, 0, 0, 3, 155
"d:\BCA Project\TutorPod\WebContent\META-INF\context.xml", "XML", 0, 7, 0, 0, 0, 0, 0, 0, 0, 2, 9
"d:\BCA Project\TutorPod\WebContent\WEB-INF\web.xml", "XML", 0, 215, 0, 0, 0, 0, 0, 0, 0, 25, 240
"d:\BCA Project\TutorPod\WebContent\account-settings.html", "HTML", 380, 0, 0, 0, 0, 0, 0, 0, 0, 3, 383
"d:\BCA Project\TutorPod\WebContent\account-settings.jsp", "HTML", 1121, 0, 0, 0, 0, 0, 0, 0, 0, 7, 1128
"d:\BCA Project\TutorPod\WebContent\app\css\_adminHeader.scss", "SCSS", 0, 0, 0, 0, 12, 0, 0, 0, 0, 1, 13
"d:\BCA Project\TutorPod\WebContent\app\css\_adminLogin.scss", "SCSS", 0, 0, 0, 0, 35, 0, 0, 0, 0, 1, 36
"d:\BCA Project\TutorPod\WebContent\app\css\_adminMain.scss", "SCSS", 0, 0, 0, 0, 158, 0, 0, 0, 0, 26, 184
"d:\BCA Project\TutorPod\WebContent\app\css\_adminSideBar.scss", "SCSS", 0, 0, 0, 0, 155, 0, 0, 0, 0, 1, 156
"d:\BCA Project\TutorPod\WebContent\app\css\_animations.scss", "SCSS", 0, 0, 0, 0, 233, 0, 0, 0, 0, 6, 239
"d:\BCA Project\TutorPod\WebContent\app\css\_globals.scss", "SCSS", 0, 0, 0, 0, 1176, 0, 0, 0, 9, 157, 1342
"d:\BCA Project\TutorPod\WebContent\app\css\_header.scss", "SCSS", 0, 0, 0, 0, 458, 0, 0, 0, 1, 2, 461
"d:\BCA Project\TutorPod\WebContent\app\css\_hero.scss", "SCSS", 0, 0, 0, 0, 45, 0, 0, 0, 1, 1, 47
"d:\BCA Project\TutorPod\WebContent\app\css\_main.scss", "SCSS", 0, 0, 0, 0, 581, 0, 0, 0, 0, 16, 597
"d:\BCA Project\TutorPod\WebContent\app\css\_mixins.scss", "SCSS", 0, 0, 0, 0, 22, 0, 0, 0, 3, 2, 27
"d:\BCA Project\TutorPod\WebContent\app\css\_search.scss", "SCSS", 0, 0, 0, 0, 416, 0, 0, 0, 0, 2, 418
"d:\BCA Project\TutorPod\WebContent\app\css\_sidebar.scss", "SCSS", 0, 0, 0, 0, 58, 0, 0, 0, 0, 0, 58
"d:\BCA Project\TutorPod\WebContent\app\css\_variables.scss", "SCSS", 0, 0, 0, 0, 36, 0, 0, 0, 3, 3, 42
"d:\BCA Project\TutorPod\WebContent\app\css\admin-styles.css", "CSS", 0, 0, 0, 0, 0, 2450, 0, 0, 0, 105, 2555
"d:\BCA Project\TutorPod\WebContent\app\css\admin-styles.scss", "SCSS", 0, 0, 0, 0, 9, 0, 0, 0, 0, 0, 9
"d:\BCA Project\TutorPod\WebContent\app\css\style.css", "CSS", 0, 0, 0, 0, 0, 3221, 0, 0, 0, 112, 3333
"d:\BCA Project\TutorPod\WebContent\app\css\style.scss", "SCSS", 0, 0, 0, 0, 9, 0, 0, 0, 0, 1, 10
"d:\BCA Project\TutorPod\WebContent\app\js\admin-script.js", "JavaScript", 0, 0, 0, 52, 0, 0, 0, 0, 3, 9, 64
"d:\BCA Project\TutorPod\WebContent\app\js\jquery-3.6.0.min.js", "JavaScript", 0, 0, 0, 1, 0, 0, 0, 0, 1, 1, 3
"d:\BCA Project\TutorPod\WebContent\app\js\jquery.min.js", "JavaScript", 0, 0, 0, 1, 0, 0, 0, 0, 1, 1, 3
"d:\BCA Project\TutorPod\WebContent\app\js\jquery2.min.js", "JavaScript", 0, 0, 0, 3, 0, 0, 0, 0, 1, 1, 5
"d:\BCA Project\TutorPod\WebContent\app\js\script.js", "JavaScript", 0, 0, 0, 64, 0, 0, 0, 0, 3, 4, 71
"d:\BCA Project\TutorPod\WebContent\availability.html", "HTML", 791, 0, 0, 0, 0, 0, 0, 0, 0, 37, 828
"d:\BCA Project\TutorPod\WebContent\availability.jsp", "HTML", 181, 0, 0, 0, 0, 0, 0, 0, 0, 2, 183
"d:\BCA Project\TutorPod\WebContent\dashboard.html", "HTML", 321, 0, 0, 0, 0, 0, 0, 0, 0, 3, 324
"d:\BCA Project\TutorPod\WebContent\dashboard.jsp", "HTML", 91, 0, 0, 0, 0, 0, 0, 0, 0, 1, 92
"d:\BCA Project\TutorPod\WebContent\find-tutor.jsp", "HTML", 8, 0, 0, 0, 0, 0, 0, 0, 0, 3, 11
"d:\BCA Project\TutorPod\WebContent\footer.jsp", "HTML", 4, 0, 0, 0, 0, 0, 0, 0, 0, 1, 5
"d:\BCA Project\TutorPod\WebContent\header.jsp", "HTML", 598, 0, 0, 0, 0, 0, 0, 0, 0, 18, 616
"d:\BCA Project\TutorPod\WebContent\images\Hero_Illustration.svg", "XML", 0, 1, 0, 0, 0, 0, 0, 0, 0, 0, 1
"d:\BCA Project\TutorPod\WebContent\images\TutorPod.svg", "XML", 0, 1, 0, 0, 0, 0, 0, 0, 0, 0, 1
"d:\BCA Project\TutorPod\WebContent\images\TutorPod1.svg", "XML", 0, 1, 0, 0, 0, 0, 0, 0, 0, 0, 1
"d:\BCA Project\TutorPod\WebContent\images\TutorPod2.svg", "XML", 0, 1, 0, 0, 0, 0, 0, 0, 0, 0, 1
"d:\BCA Project\TutorPod\WebContent\images\accounts-vector.svg", "XML", 0, 1, 0, 0, 0, 0, 0, 0, 0, 0, 1
"d:\BCA Project\TutorPod\WebContent\images\logout-vector.svg", "XML", 0, 1, 0, 0, 0, 0, 0, 0, 0, 0, 1
"d:\BCA Project\TutorPod\WebContent\images\marketplace-vector.svg", "XML", 0, 1, 0, 0, 0, 0, 0, 0, 0, 0, 1
"d:\BCA Project\TutorPod\WebContent\index.html", "HTML", 391, 0, 0, 0, 0, 0, 0, 0, 0, 12, 403
"d:\BCA Project\TutorPod\WebContent\index.jsp", "HTML", 26, 0, 0, 0, 0, 0, 0, 0, 0, 1, 27
"d:\BCA Project\TutorPod\WebContent\lessons.html", "HTML", 319, 0, 0, 0, 0, 0, 0, 0, 0, 18, 337
"d:\BCA Project\TutorPod\WebContent\lessons.jsp", "HTML", 691, 0, 0, 0, 0, 0, 0, 0, 0, 4, 695
"d:\BCA Project\TutorPod\WebContent\myDb.sql", "SQL", 0, 0, 192, 0, 0, 0, 0, 0, 0, 1, 193
"d:\BCA Project\TutorPod\WebContent\notifications.jsp", "HTML", 118, 0, 0, 0, 0, 0, 0, 0, 0, 1, 119
"d:\BCA Project\TutorPod\WebContent\orders.jsp", "HTML", 81, 0, 0, 0, 0, 0, 0, 0, 0, 1, 82
"d:\BCA Project\TutorPod\WebContent\search-tutor.html", "HTML", 467, 0, 0, 0, 0, 0, 0, 0, 0, 14, 481
"d:\BCA Project\TutorPod\WebContent\search-tutor.jsp", "HTML", 591, 0, 0, 0, 0, 0, 0, 0, 0, 5, 596
"d:\BCA Project\TutorPod\WebContent\sidebar.jsp", "HTML", 70, 0, 0, 0, 0, 0, 0, 0, 0, 0, 70
"d:\BCA Project\TutorPod\WebContent\tutor-application.jsp", "HTML", 1031, 0, 0, 0, 0, 0, 0, 0, 0, 22, 1053
"d:\BCA Project\TutorPod\WebContent\user-dashboard.html", "HTML", 656, 0, 0, 0, 0, 0, 0, 0, 0, 36, 692
"d:\BCA Project\TutorPod\WebContent\wallet.html", "HTML", 292, 0, 0, 0, 0, 0, 0, 0, 0, 19, 311
"d:\BCA Project\TutorPod\WebContent\wallet.jsp", "HTML", 186, 0, 0, 0, 0, 0, 0, 0, 0, 1, 187
"d:\BCA Project\TutorPod\src\com\TutorPod\controller\AdminController.java", "Java", 0, 0, 0, 0, 0, 0, 131, 0, 6, 10, 147
"d:\BCA Project\TutorPod\src\com\TutorPod\controller\AvailabilityController.java", "Java", 0, 0, 0, 0, 0, 0, 105, 0, 1, 8, 114
"d:\BCA Project\TutorPod\src\com\TutorPod\controller\BankAccountController.java", "Java", 0, 0, 0, 0, 0, 0, 214, 0, 2, 8, 224
"d:\BCA Project\TutorPod\src\com\TutorPod\controller\BookingController.java", "Java", 0, 0, 0, 0, 0, 0, 211, 0, 3, 8, 222
"d:\BCA Project\TutorPod\src\com\TutorPod\controller\CourseController.java", "Java", 0, 0, 0, 0, 0, 0, 106, 0, 2, 10, 118
"d:\BCA Project\TutorPod\src\com\TutorPod\controller\LessonController.java", "Java", 0, 0, 0, 0, 0, 0, 258, 0, 0, 12, 270
"d:\BCA Project\TutorPod\src\com\TutorPod\controller\NotificationController.java", "Java", 0, 0, 0, 0, 0, 0, 156, 0, 0, 8, 164
"d:\BCA Project\TutorPod\src\com\TutorPod\controller\SubjectController.java", "Java", 0, 0, 0, 0, 0, 0, 148, 0, 1, 12, 161
"d:\BCA Project\TutorPod\src\com\TutorPod\controller\TutorController.java", "Java", 0, 0, 0, 0, 0, 0, 419, 0, 0, 8, 427
"d:\BCA Project\TutorPod\src\com\TutorPod\controller\UserController.java", "Java", 0, 0, 0, 0, 0, 0, 322, 0, 0, 17, 339
"d:\BCA Project\TutorPod\src\com\TutorPod\controller\WalletController.java", "Java", 0, 0, 0, 0, 0, 0, 155, 0, 0, 12, 167
"d:\BCA Project\TutorPod\src\com\TutorPod\dao\AddressDAO.java", "Java", 0, 0, 0, 0, 0, 0, 205, 0, 7, 17, 229
"d:\BCA Project\TutorPod\src\com\TutorPod\dao\AdminBankAccDAO.java", "Java", 0, 0, 0, 0, 0, 0, 163, 0, 0, 12, 175
"d:\BCA Project\TutorPod\src\com\TutorPod\dao\AdminBankAccountDAO.java", "Java", 0, 0, 0, 0, 0, 0, 103, 0, 0, 11, 114
"d:\BCA Project\TutorPod\src\com\TutorPod\dao\AdminDAO.java", "Java", 0, 0, 0, 0, 0, 0, 167, 0, 9, 18, 194
"d:\BCA Project\TutorPod\src\com\TutorPod\dao\AvailabilityDAO.java", "Java", 0, 0, 0, 0, 0, 0, 229, 0, 15, 38, 282
"d:\BCA Project\TutorPod\src\com\TutorPod\dao\BankAccDAO.java", "Java", 0, 0, 0, 0, 0, 0, 150, 0, 0, 12, 162
"d:\BCA Project\TutorPod\src\com\TutorPod\dao\BookingDAO.java", "Java", 0, 0, 0, 0, 0, 0, 207, 0, 14, 34, 255
"d:\BCA Project\TutorPod\src\com\TutorPod\dao\CourseDAO.java", "Java", 0, 0, 0, 0, 0, 0, 140, 0, 7, 18, 165
"d:\BCA Project\TutorPod\src\com\TutorPod\dao\CourseSubDAO.java", "Java", 0, 0, 0, 0, 0, 0, 151, 0, 8, 18, 177
"d:\BCA Project\TutorPod\src\com\TutorPod\dao\CourseSubjectDAO.java", "Java", 0, 0, 0, 0, 0, 0, 149, 0, 5, 25, 179
"d:\BCA Project\TutorPod\src\com\TutorPod\dao\ExperienceDAO.java", "Java", 0, 0, 0, 0, 0, 0, 195, 0, 7, 17, 219
"d:\BCA Project\TutorPod\src\com\TutorPod\dao\FeesDAO.java", "Java", 0, 0, 0, 0, 0, 0, 188, 0, 7, 14, 209
"d:\BCA Project\TutorPod\src\com\TutorPod\dao\LessonDAO.java", "Java", 0, 0, 0, 0, 0, 0, 323, 0, 12, 15, 350
"d:\BCA Project\TutorPod\src\com\TutorPod\dao\NotificationDAO.java", "Java", 0, 0, 0, 0, 0, 0, 216, 0, 6, 20, 242
"d:\BCA Project\TutorPod\src\com\TutorPod\dao\SubjectDAO.java", "Java", 0, 0, 0, 0, 0, 0, 147, 0, 8, 17, 172
"d:\BCA Project\TutorPod\src\com\TutorPod\dao\TransactionDAO.java", "Java", 0, 0, 0, 0, 0, 0, 206, 0, 10, 18, 234
"d:\BCA Project\TutorPod\src\com\TutorPod\dao\TutorDAO.java", "Java", 0, 0, 0, 0, 0, 0, 429, 0, 9, 45, 483
"d:\BCA Project\TutorPod\src\com\TutorPod\dao\UserDAO.java", "Java", 0, 0, 0, 0, 0, 0, 247, 0, 8, 14, 269
"d:\BCA Project\TutorPod\src\com\TutorPod\dao\WalletDAO.java", "Java", 0, 0, 0, 0, 0, 0, 256, 0, 8, 22, 286
"d:\BCA Project\TutorPod\src\com\TutorPod\dao\WithdrawRequestDAO.java", "Java", 0, 0, 0, 0, 0, 0, 140, 0, 7, 16, 163
"d:\BCA Project\TutorPod\src\com\TutorPod\model\Address.java", "Java", 0, 0, 0, 0, 0, 0, 78, 0, 0, 2, 80
"d:\BCA Project\TutorPod\src\com\TutorPod\model\Admin.java", "Java", 0, 0, 0, 0, 0, 0, 39, 0, 0, 4, 43
"d:\BCA Project\TutorPod\src\com\TutorPod\model\AdminBankAcc.java", "Java", 0, 0, 0, 0, 0, 0, 49, 0, 0, 2, 51
"d:\BCA Project\TutorPod\src\com\TutorPod\model\AdminBankAccount.java", "Java", 0, 0, 0, 0, 0, 0, 93, 0, 0, 2, 95
"d:\BCA Project\TutorPod\src\com\TutorPod\model\Availability.java", "Java", 0, 0, 0, 0, 0, 0, 69, 0, 12, 1, 82
"d:\BCA Project\TutorPod\src\com\TutorPod\model\BankAcc.java", "Java", 0, 0, 0, 0, 0, 0, 68, 0, 0, 2, 70
"d:\BCA Project\TutorPod\src\com\TutorPod\model\Booking.java", "Java", 0, 0, 0, 0, 0, 0, 91, 0, 0, 1, 92
"d:\BCA Project\TutorPod\src\com\TutorPod\model\BookingDetails.java", "Java", 0, 0, 0, 0, 0, 0, 53, 0, 0, 3, 56
"d:\BCA Project\TutorPod\src\com\TutorPod\model\Course.java", "Java", 0, 0, 0, 0, 0, 0, 58, 0, 0, 2, 60
"d:\BCA Project\TutorPod\src\com\TutorPod\model\CourseSub.java", "Java", 0, 0, 0, 0, 0, 0, 49, 0, 0, 2, 51
"d:\BCA Project\TutorPod\src\com\TutorPod\model\CourseSubject.java", "Java", 0, 0, 0, 0, 0, 0, 93, 0, 0, 3, 96
"d:\BCA Project\TutorPod\src\com\TutorPod\model\CourseSubjects.java", "Java", 0, 0, 0, 0, 0, 0, 27, 0, 0, 3, 30
"d:\BCA Project\TutorPod\src\com\TutorPod\model\Experience.java", "Java", 0, 0, 0, 0, 0, 0, 97, 0, 0, 5, 102
"d:\BCA Project\TutorPod\src\com\TutorPod\model\Fees.java", "Java", 0, 0, 0, 0, 0, 0, 64, 0, 0, 4, 68
"d:\BCA Project\TutorPod\src\com\TutorPod\model\Lesson.java", "Java", 0, 0, 0, 0, 0, 0, 82, 0, 0, 2, 84
"d:\BCA Project\TutorPod\src\com\TutorPod\model\LessonDetails.java", "Java", 0, 0, 0, 0, 0, 0, 182, 0, 0, 2, 184
"d:\BCA Project\TutorPod\src\com\TutorPod\model\Notification.java", "Java", 0, 0, 0, 0, 0, 0, 88, 0, 0, 3, 91
"d:\BCA Project\TutorPod\src\com\TutorPod\model\Subject.java", "Java", 0, 0, 0, 0, 0, 0, 40, 0, 0, 2, 42
"d:\BCA Project\TutorPod\src\com\TutorPod\model\Transaction.java", "Java", 0, 0, 0, 0, 0, 0, 90, 0, 0, 2, 92
"d:\BCA Project\TutorPod\src\com\TutorPod\model\Tutor.java", "Java", 0, 0, 0, 0, 0, 0, 67, 0, 0, 3, 70
"d:\BCA Project\TutorPod\src\com\TutorPod\model\TutorBasicInfo.java", "Java", 0, 0, 0, 0, 0, 0, 112, 0, 0, 3, 115
"d:\BCA Project\TutorPod\src\com\TutorPod\model\TutorInfo.java", "Java", 0, 0, 0, 0, 0, 0, 148, 0, 0, 4, 152
"d:\BCA Project\TutorPod\src\com\TutorPod\model\User.java", "Java", 0, 0, 0, 0, 0, 0, 147, 0, 0, 2, 149
"d:\BCA Project\TutorPod\src\com\TutorPod\model\Wallet.java", "Java", 0, 0, 0, 0, 0, 0, 39, 0, 0, 2, 41
"d:\BCA Project\TutorPod\src\com\TutorPod\model\WalletTransaction.java", "Java", 0, 0, 0, 0, 0, 0, 91, 0, 15, 3, 109
"d:\BCA Project\TutorPod\src\com\TutorPod\model\WithdrawRequest.java", "Java", 0, 0, 0, 0, 0, 0, 79, 0, 0, 2, 81
"d:\BCA Project\TutorPod\src\com\TutorPod\model\WithdrawRequestDetails.java", "Java", 0, 0, 0, 0, 0, 0, 79, 0, 0, 3, 82
"Total", "-", 10761, 229, 192, 121, 3403, 5671, 8408, 1, 215, 1336, 30337